{
  "__version__": "1.0.0",
  "current-scene": "c63c6736-3307-480c-81c8-6e853535e137",
  "gizmos-infos": {
    "is2D": true,
    "is3DIcon": false,
    "iconSize": 2,
    "gridVisible": true,
    "gridColor": [
      150,
      150,
      150,
      255
    ],
    "iconGizmoSize": 2,
    "isGridVisible": true,
    "isIconGizmo3D": false
  },
  "float-window": {
    "position": {
      "cc": {
        "Camera": {
          "dock": false,
          "top": null,
          "bottom": 10,
          "left": null,
          "right": 10
        }
      }
    }
  },
  "camera-infos": {
    "2eda95fe-c82f-459e-864d-6afbf6b634f6": {
      "position": {
        "x": 223.65598923525522,
        "y": 600.9200452408948,
        "z": 1000
      },
      "rotation": {
        "w": 1,
        "x": 0,
        "y": 0,
        "z": 0
      },
      "viewCenter": {
        "x": 0,
        "y": 0,
        "z": 0
      }
    },
    "f46876e4-e81b-4931-b493-6d367be385e7": {
      "position": {
        "x": 320,
        "y": 320,
        "z": 1000
      },
      "rotation": {
        "w": 1,
        "x": 0,
        "y": 0,
        "z": 0
      },
      "viewCenter": {
        "x": 0,
        "y": 0,
        "z": 0
      }
    },
    "693ac054-825e-4bf0-ba35-642ef19ccdf8": {
      "position": {
        "x": 319.9999999999999,
        "y": 320,
        "z": 5000
      },
      "rotation": {
        "x": 0,
        "y": 0,
        "z": 0,
        "w": 1
      },
      "viewCenter": {
        "x": 0,
        "y": 0,
        "z": 0
      }
    },
    "1cd6e7a5-81be-4273-a010-750b09b25760": {
      "position": {
        "x": 319.99999999999994,
        "y": 320,
        "z": 5000
      },
      "rotation": {
        "x": 0,
        "y": 0,
        "z": 0,
        "w": 1
      },
      "viewCenter": {
        "x": 0,
        "y": 0,
        "z": 0
      }
    },
    "c63c6736-3307-480c-81c8-6e853535e137": {
      "position": {
        "x": 319.9999999999999,
        "y": 320,
        "z": 5000
      },
      "rotation": {
        "x": 0,
        "y": 0,
        "z": 0,
        "w": 1
      },
      "viewCenter": {
        "x": 0,
        "y": 0,
        "z": 0
      }
    }
  },
  "camera-uuids": [
    "693ac054-825e-4bf0-ba35-642ef19ccdf8"
  ]
}
