{
  "__type__": "cc.Skeleton",
  "_name": "Skin-1",
  "_objFlags": 0,
  "_native": "",
  "_joints": [
    "RootNode/Bip001/Bip001 Pelvis/Bip001 Spine/Bip001 Spine1/Bip001 Spine2/Bip001 Neck/Bip001 R Clavicle/Bip001 R UpperArm/Bip001 R Forearm/Bip001 R Hand/Bone023"
  ],
  "_bindposes": [
    {
      "__type__": "cc.Mat4",
      "m00": 0.002473409753292799,
      "m01": -0.11040288954973221,
      "m02": -4.164333802236797e-7,
      "m03": 0,
      "m04": -9.435309422656246e-9,
      "m05": 4.163265145962214e-7,
      "m06": -0.11043059080839157,
      "m07": 0,
      "m08": 0.11040288954973221,
      "m09": 0.002473409753292799,
      "m10": -1.0811616185657513e-10,
      "m11": 0,
      "m12": 0.06380859762430191,
      "m13": -0.00503665441647172,
      "m14": -2.3684346928121158e-8,
      "m15": 1
    }
  ],
  "_hash": 2342617336
}