{
  "__version__": "1.0.0",
  "builder": {},
  "gizmos-infos": {
    "is2D": false,
    "is3DIcon": false,
    "iconSize": 2,
    "gridVisible": true,
    "gridColor": [
      166,
      166,
      166,
      255
    ],
    "isIconGizmo3D": false,
    "iconGizmoSize": 2,
    "isGridVisible": true
  },
  "": {
    "sculpt_brush_rotate": 0
  },
  "camera": {
    "fov": 45,
    "far": 10000,
    "near": 0.01,
    "color": [
      48,
      48,
      48,
      255
    ],
    "wheelSpeed": 0.01,
    "wanderSpeed": 10,
    "enableAcceleration": true,
    "far2D": 10000,
    "near2D": 1,
    "wheelSpeed2D": 6,
    "size": "__default_design__"
  },
  "camera-infos": {
    "f46876e4-e81b-4931-b493-6d367be385e7": {
      "position": {
        "x": 50,
        "y": 50,
        "z": 50
      },
      "rotation": {
        "x": -0.27984814233312133,
        "y": 0.3647051996310009,
        "z": 0.11591689595929512,
        "w": 0.8804762392171493
      },
      "viewCenter": {
        "x": 0,
        "y": 0,
        "z": 0
      }
    },
    "fa5c2a13-6897-4f98-92f3-2f38d8ea3a2e": {
      "position": {
        "x": 640.1645092064632,
        "y": 373.0572597555713,
        "z": 5000
      },
      "rotation": {
        "x": 0,
        "y": 0,
        "z": 0,
        "w": 1
      },
      "viewCenter": {
        "x": 0,
        "y": 0,
        "z": 0
      }
    },
    "e6400367-7eac-43b4-a057-fde4f3804370": {
      "position": {
        "x": 647,
        "y": 376,
        "z": 5000
      },
      "rotation": {
        "x": 0,
        "y": 0,
        "z": 0,
        "w": 1
      },
      "viewCenter": {
        "x": 0,
        "y": 0,
        "z": 0
      }
    },
    "417b4aed-fd34-4100-83be-01eb628cd9f1": {
      "position": {
        "x": 0.32320597799331624,
        "y": 1255.3763129173456,
        "z": 25.73040434737365
      },
      "rotation": {
        "x": -0.697082773927131,
        "y": 0.003025638990845201,
        "z": 0.0029416803652743237,
        "w": 0.7169782411756872
      },
      "viewCenter": {
        "x": 0.024866686049082654,
        "y": -0.581548168250265,
        "z": -9.617329020055909
      }
    }
  },
  "camera-uuids": [
    "f46876e4-e81b-4931-b493-6d367be385e7"
  ],
  "float-window": {
    "position": {
      "cc": {
        "Camera": {
          "dock": false,
          "top": null,
          "bottom": 10,
          "left": null,
          "right": 10
        }
      }
    }
  }
}
