{
  "__version__": "1.0.0",
  "current-scene": "5aaff2eb-d166-44f7-b9c7-fee00abb1a31",
  "gizmos-infos": {
    "is2D": false,
    "is3DIcon": false,
    "iconSize": 2,
    "gridVisible": true,
    "gridColor": [
      150,
      150,
      150,
      255
    ],
    "iconGizmoSize": 2,
    "isGridVisible": true,
    "isIconGizmo3D": false
  },
  "float-window": {
    "position": {
      "cc": {
        "Camera": {
          "dock": false,
          "top": null,
          "bottom": 10,
          "left": null,
          "right": 10
        },
        "ParticleSystem": {
          "bottom": 10,
          "dock": false,
          "left": null,
          "right": 10,
          "top": null
        }
      }
    }
  },
  "camera-infos": {
    "f46876e4-e81b-4931-b493-6d367be385e7": {
      "position": {
        "x": 50,
        "y": 50,
        "z": 50
      },
      "rotation": {
        "x": -0.27984814233312133,
        "y": 0.3647051996310009,
        "z": 0.11591689595929514,
        "w": 0.8804762392171493
      },
      "viewCenter": {
        "x": 0,
        "y": 0,
        "z": 0
      }
    },
    "5aaff2eb-d166-44f7-b9c7-fee00abb1a31": {
      "position": {
        "x": -1.9370082844009657,
        "y": 1.1827582091843303,
        "z": 2.25425669835411
      },
      "rotation": {
        "x": -0.20189889703358083,
        "y": -0.32146505658677205,
        "z": -0.07035849320036223,
        "w": 0.9224677420944655
      },
      "viewCenter": {
        "x": 0.6568651208183474,
        "y": -0.7361062857951197,
        "z": -1.0154376175538742
      }
    }
  },
  "camera-uuids": [
    "5aaff2eb-d166-44f7-b9c7-fee00abb1a31"
  ],
  "scene": {
    "native": false
  },
  "camera": {
    "fov": 45,
    "far": 10000,
    "near": 0.01,
    "color": [
      48,
      48,
      48,
      255
    ],
    "wheelSpeed": 0.01,
    "wanderSpeed": 10,
    "enableAcceleration": true,
    "far2D": 10000,
    "near2D": 1,
    "wheelSpeed2D": 6,
    "size": "__default_design__"
  }
}
