{
  "scene": {
    "native": false
  },
  "gizmos-infos": {
    "is2D": false,
    "is3DIcon": false,
    "iconSize": 2,
    "gridVisible": true,
    "gridColor": [
      150,
      150,
      150,
      255
    ],
    "isIconGizmo3D": false,
    "iconGizmoSize": 2,
    "isGridVisible": true
  },
  "camera-infos": {
    "f46876e4-e81b-4931-b493-6d367be385e7": {
      "position": {
        "x": 50,
        "y": 50,
        "z": 50
      },
      "rotation": {
        "x": -0.27984814233312133,
        "y": 0.3647051996310009,
        "z": 0.11591689595929514,
        "w": 0.8804762392171493
      },
      "viewCenter": {
        "x": 0,
        "y": 0,
        "z": 0
      }
    },
    "127ce6d9-5f43-4a3c-aee5-1dfdf3349433": {
      "position": {
        "x": -4.413811943011913,
        "y": 9.102910899114997,
        "z": -8.719078559736666
      },
      "rotation": {
        "x": -0.12621752022084032,
        "y": -0.8664462997075348,
        "z": -0.27572397526657744,
        "w": 0.39663089123851525
      },
      "viewCenter": {
        "x": 3.852723104206097,
        "y": 1.3688991497629184,
        "z": -1.5819664861383362
      }
    }
  },
  "camera-uuids": [
    "127ce6d9-5f43-4a3c-aee5-1dfdf3349433"
  ],
  "camera": {
    "fov": 45,
    "far": 10000,
    "near": 0.01,
    "color": [
      48,
      48,
      48,
      255
    ],
    "wheelSpeed": 0.01,
    "wanderSpeed": 10,
    "enableAcceleration": true,
    "far2D": 10000,
    "near2D": 1,
    "wheelSpeed2D": 6,
    "size": "__default_design__"
  },
  "float-window": {
    "position": {
      "cc": {
        "Camera": {
          "dock": false,
          "top": null,
          "bottom": 10,
          "left": null,
          "right": 10
        }
      }
    }
  }
}
