{
  "scene": {
    "native": false
  },
  "gizmos-infos": {
    "is2D": false,
    "is3DIcon": false,
    "iconSize": 2,
    "gridVisible": true,
    "gridColor": [
      150,
      150,
      150,
      255
    ],
    "isIconGizmo3D": false,
    "iconGizmoSize": 2,
    "isGridVisible": true
  },
  "float-window": {
    "position": {
      "cc": {
        "Camera": {
          "dock": false,
          "top": null,
          "bottom": 10,
          "left": null,
          "right": 10
        }
      }
    }
  },
  "camera": {
    "fov": 45,
    "far": 10000,
    "near": 0.01,
    "color": [
      48,
      48,
      48,
      255
    ],
    "wheelSpeed": 0.01,
    "wanderSpeed": 10,
    "enableAcceleration": true,
    "far2D": 10000,
    "near2D": 1,
    "wheelSpeed2D": 6,
    "size": "__default_design__"
  },
  "camera-infos": {
    "7c3e7fab-7b1e-4865-ba84-3cf81b48b9fb": {
      "position": {
        "x": 946.5183877299535,
        "y": -0.438556162762775,
        "z": 6.8366189941201085
      },
      "rotation": {
        "x": 0,
        "y": -0.7071067811865475,
        "z": 0,
        "w": 0.7071067811865475
      },
      "viewCenter": {
        "x": 999.6503945334883,
        "y": -0.438556162762775,
        "z": 6.8366189941201085
      }
    }
  },
  "camera-uuids": [
    "7c3e7fab-7b1e-4865-ba84-3cf81b48b9fb"
  ]
}
