{
  "__version__": "1.0.0",
  "gizmos-infos": {
    "is2D": false,
    "is3DIcon": false,
    "iconSize": 2,
    "gridVisible": true,
    "gridColor": [
      150,
      150,
      150,
      255
    ],
    "isIconGizmo3D": false,
    "iconGizmoSize": 2,
    "isGridVisible": true
  },
  "camera": {
    "fov": 45,
    "far": 10000,
    "near": 0.01,
    "color": [
      48,
      48,
      48,
      255
    ],
    "wheelSpeed": 0.01,
    "wanderSpeed": 10,
    "enableAcceleration": true,
    "far2D": 10000,
    "near2D": 1,
    "wheelSpeed2D": 6
  },
  "camera-infos": {
    "f46876e4-e81b-4931-b493-6d367be385e7": {
      "position": {
        "x": 50,
        "y": 50,
        "z": 50
      },
      "rotation": {
        "x": -0.27984814233312133,
        "y": 0.3647051996310009,
        "z": 0.11591689595929514,
        "w": 0.8804762392171493
      },
      "viewCenter": {
        "x": 0,
        "y": 0,
        "z": 0
      }
    },
    "7c3e7fab-7b1e-4865-ba84-3cf81b48b9fb": {
      "position": {
        "x": 2.1195579137608007,
        "y": 2.119557913760808,
        "z": 2.119557913760822
      },
      "rotation": {
        "x": -0.1340305390422029,
        "y": 0.333376467231036,
        "z": 0.04794346842013873,
        "w": 0.9319857131611287
      },
      "viewCenter": {
        "x": -0.11454881576472076,
        "y": 1.0850351886322611,
        "z": -0.6036951228921477
      }
    }
  },
  "camera-uuids": [
    "7c3e7fab-7b1e-4865-ba84-3cf81b48b9fb"
  ]
}
