{
  "__version__": "1.0.0",
  "current-scene": "5aaff2eb-d166-44f7-b9c7-fee00abb1a31",
  "gizmos-infos": {
    "is2D": false,
    "is3DIcon": false,
    "iconSize": 2,
    "gridVisible": true,
    "gridColor": [
      150,
      150,
      150,
      255
    ],
    "iconGizmoSize": 2,
    "isGridVisible": true,
    "isIconGizmo3D": false
  },
  "float-window": {
    "position": {
      "cc": {
        "Camera": {
          "dock": false,
          "top": null,
          "bottom": 10,
          "left": null,
          "right": 10
        },
        "ParticleSystem": {
          "bottom": 10,
          "dock": false,
          "left": null,
          "right": 10,
          "top": null
        }
      }
    }
  },
  "camera-infos": {
    "f46876e4-e81b-4931-b493-6d367be385e7": {
      "position": {
        "x": 50,
        "y": 50,
        "z": 50
      },
      "rotation": {
        "x": -0.27984814233312133,
        "y": 0.3647051996310009,
        "z": 0.11591689595929512,
        "w": 0.8804762392171493
      },
      "viewCenter": {
        "x": 0,
        "y": 0,
        "z": 0
      }
    },
    "5aaff2eb-d166-44f7-b9c7-fee00abb1a31": {
      "position": {
        "x": -6.741442782188198,
        "y": 0.6957197194588671,
        "z": 3.974187987709932
      },
      "rotation": {
        "x": -0.08802187467746546,
        "y": -0.344939393979499,
        "z": -0.03251040440194669,
        "w": 0.9339229291889894
      },
      "viewCenter": {
        "x": -1.7362998353112538,
        "y": -0.7687368531528513,
        "z": -1.87720952551431
      }
    }
  },
  "camera-uuids": [
    "5aaff2eb-d166-44f7-b9c7-fee00abb1a31"
  ],
  "scene": {
    "native": false
  },
  "camera": {
    "fov": 45,
    "far": 10000,
    "near": 0.01,
    "color": [
      48,
      48,
      48,
      255
    ],
    "wheelSpeed": 0.01,
    "wanderSpeed": 10,
    "enableAcceleration": true,
    "far2D": 10000,
    "near2D": 1,
    "wheelSpeed2D": 6,
    "size": "__default_design__"
  },
  "builder": {},
  "": {
    "sculpt_brush_rotate": 0
  }
}
