{
  "__version__": "1.0.0",
  "gizmos-infos": {
    "is2D": false,
    "is3DIcon": false,
    "iconSize": 2,
    "gridVisible": true,
    "gridColor": [
      150,
      150,
      150,
      255
    ],
    "isIconGizmo3D": false,
    "iconGizmoSize": 2,
    "isGridVisible": true
  },
  "camera": {
    "fov": 45,
    "far": 10000,
    "near": 0.01,
    "color": [
      48,
      48,
      48,
      255
    ],
    "wheelSpeed": 0.01,
    "wanderSpeed": 10,
    "enableAcceleration": true,
    "far2D": 10000,
    "near2D": 1,
    "wheelSpeed2D": 6,
    "size": "__default_design__"
  },
  "camera-infos": {
    "f46876e4-e81b-4931-b493-6d367be385e7": {
      "position": {
        "x": 50,
        "y": 50,
        "z": 50
      },
      "rotation": {
        "x": -0.27984814233312133,
        "y": 0.3647051996310009,
        "z": 0.11591689595929514,
        "w": 0.8804762392171493
      },
      "viewCenter": {
        "x": 0,
        "y": 0,
        "z": 0
      }
    },
    "32cf1dc5-7fff-49bc-b60f-5b89e43e4356": {
      "position": {
        "x": 30.668597955266392,
        "y": 2.176607575739851,
        "z": 28.783840551997013
      },
      "rotation": {
        "x": -0.2613671977531492,
        "y": -0.7286080180759861,
        "z": -0.3714485232429062,
        "w": 0.5126825562740589
      },
      "viewCenter": {
        "x": 33.94511684086881,
        "y": -2.6190439271730224,
        "z": 29.959320627379057
      }
    },
    "3a69518c-04dc-4501-95d0-db1474b01df1": {
      "position": {
        "x": 0.5974235343130553,
        "y": 0.5974235343130553,
        "z": 0.5974235343130567
      },
      "rotation": {
        "x": -0.27984814233312133,
        "y": 0.3647051996310009,
        "z": 0.11591689595929514,
        "w": 0.8804762392171493
      },
      "viewCenter": {
        "x": 0,
        "y": 0,
        "z": 0
      }
    }
  },
  "camera-uuids": [
    "3a69518c-04dc-4501-95d0-db1474b01df1"
  ],
  "float-window": {
    "position": {
      "cc": {
        "Camera": {
          "dock": false,
          "top": null,
          "bottom": 10,
          "left": null,
          "right": 10
        }
      }
    }
  },
  "scene": {
    "native": false
  }
}
