{
  "scene": {
    "native": false
  },
  "gizmos-infos": {
    "is2D": false,
    "is3DIcon": false,
    "iconSize": 2,
    "gridVisible": true,
    "gridColor": [
      150,
      150,
      150,
      255
    ],
    "isIconGizmo3D": false,
    "iconGizmoSize": 2,
    "isGridVisible": true
  },
  "camera": {
    "fov": 45,
    "far": 10000,
    "near": 0.01,
    "color": [
      48,
      48,
      48,
      255
    ],
    "wheelSpeed": 0.01,
    "wanderSpeed": 10,
    "enableAcceleration": true,
    "far2D": 10000,
    "near2D": 1,
    "wheelSpeed2D": 6,
    "size": "__default_design__"
  },
  "camera-infos": {
    "f46876e4-e81b-4931-b493-6d367be385e7": {
      "position": {
        "x": 50,
        "y": 50,
        "z": 50
      },
      "rotation": {
        "x": -0.27984814233312133,
        "y": 0.3647051996310009,
        "z": 0.11591689595929514,
        "w": 0.8804762392171493
      },
      "viewCenter": {
        "x": 0,
        "y": 0,
        "z": 0
      }
    },
    "1a85b835-eca7-44b7-b635-3b8c22c5ac5f": {
      "position": {
        "x": 774.712240672294,
        "y": 674.1560266953113,
        "z": 2039.6987108817516
      },
      "rotation": {
        "x": -0.11552300999029802,
        "y": 0.14628971682331887,
        "z": 0.017203948746257025,
        "w": 0.9823226440744712
      },
      "viewCenter": {
        "x": 112.31410081838416,
        "y": 131.96969146624704,
        "z": -134.95113769997738
      }
    }
  },
  "camera-uuids": [
    "1a85b835-eca7-44b7-b635-3b8c22c5ac5f"
  ]
}
