{
  "__version__": "1.0.0",
  "gizmos-infos": {
    "is2D": false,
    "is3DIcon": false,
    "iconSize": 2,
    "gridVisible": true,
    "gridColor": [
      150,
      150,
      150,
      255
    ],
    "isIconGizmo3D": false,
    "iconGizmoSize": 2,
    "isGridVisible": true
  },
  "camera": {
    "fov": 45,
    "far": 10000,
    "near": 0.01,
    "color": [
      48,
      48,
      48,
      255
    ],
    "wheelSpeed": 0.01,
    "wanderSpeed": 10,
    "enableAcceleration": true,
    "far2D": 10000,
    "near2D": 1,
    "wheelSpeed2D": 6
  },
  "camera-infos": {
    "f46876e4-e81b-4931-b493-6d367be385e7": {
      "position": {
        "x": 50,
        "y": 50,
        "z": 50
      },
      "rotation": {
        "x": -0.27984814233312133,
        "y": 0.3647051996310009,
        "z": 0.11591689595929514,
        "w": 0.8804762392171493
      },
      "viewCenter": {
        "x": 0,
        "y": 0,
        "z": 0
      }
    },
    "32cf1dc5-7fff-49bc-b60f-5b89e43e4356": {
      "position": {
        "x": 23.18565617571099,
        "y": 21.100996591354033,
        "z": 7.279528030164258
      },
      "rotation": {
        "x": -0.056631647300072085,
        "y": -0.9273392026221307,
        "z": -0.3350652523011962,
        "w": 0.156735880042991
      },
      "viewCenter": {
        "x": 32.16631949622929,
        "y": -1.61113605680932,
        "z": 33.08795957849314
      }
    }
  },
  "camera-uuids": [
    "32cf1dc5-7fff-49bc-b60f-5b89e43e4356"
  ],
  "float-window": {
    "position": {
      "cc": {
        "Camera": {
          "dock": false,
          "top": null,
          "bottom": 10,
          "left": null,
          "right": 10
        }
      }
    }
  }
}
