{
  "__version__": "1.0.0",
  "gizmos-infos": {
    "is2D": false,
    "is3DIcon": false,
    "iconSize": 2,
    "gridVisible": true,
    "gridColor": [
      150,
      150,
      150,
      255
    ],
    "isIconGizmo3D": false,
    "iconGizmoSize": 2,
    "isGridVisible": true
  },
  "camera": {
    "fov": 45,
    "far": 10000,
    "near": 0.01,
    "color": [
      48,
      48,
      48,
      255
    ],
    "wheelSpeed": 0.01,
    "wanderSpeed": 10,
    "enableAcceleration": true,
    "far2D": 10000,
    "near2D": 1,
    "wheelSpeed2D": 6
  },
  "camera-infos": {
    "f46876e4-e81b-4931-b493-6d367be385e7": {
      "position": {
        "x": 50,
        "y": 50,
        "z": 50
      },
      "rotation": {
        "x": -0.27984814233312133,
        "y": 0.3647051996310009,
        "z": 0.11591689595929514,
        "w": 0.8804762392171493
      },
      "viewCenter": {
        "x": 0,
        "y": 0,
        "z": 0
      }
    },
    "2cee8385-4439-4522-beca-fafa1b29d513": {
      "position": {
        "x": 1.380247172119727,
        "y": 84.6993219819277,
        "z": 2.3621480404399513
      },
      "rotation": {
        "x": 0.690934386917464,
        "y": 0.025993182302534827,
        "z": 0.024873973993589336,
        "w": -0.7220216787077369
      },
      "viewCenter": {
        "x": 1.6324796997391138,
        "y": 5.024579579886435,
        "z": -1.1364127582013346
      }
    }
  },
  "camera-uuids": [
    "2cee8385-4439-4522-beca-fafa1b29d513"
  ],
  "float-window": {
    "position": {
      "cc": {
        "Camera": {
          "dock": false,
          "top": null,
          "bottom": 10,
          "left": null,
          "right": 10
        }
      }
    }
  }
}
