{
  "__version__": "1.0.0",
  "current-scene": "659d1f2b-53e8-4ca6-970f-e1e5c658c38e",
  "gizmos-infos": {
    "is2D": false,
    "is3DIcon": false,
    "iconSize": 2,
    "gridVisible": true,
    "gridColor": [
      150,
      150,
      150,
      255
    ],
    "isIconGizmo3D": false,
    "iconGizmoSize": 2,
    "isGridVisible": true
  },
  "float-window": {
    "position": {
      "cc": {
        "Camera": {
          "dock": false,
          "top": null,
          "bottom": 10,
          "left": null,
          "right": 10
        }
      }
    }
  },
  "camera-infos": {
    "f46876e4-e81b-4931-b493-6d367be385e7": {
      "position": {
        "x": 50,
        "y": 50,
        "z": 50
      },
      "rotation": {
        "x": -0.27984814233312133,
        "y": 0.3647051996310009,
        "z": 0.11591689595929514,
        "w": 0.8804762392171493
      },
      "viewCenter": {
        "x": 0,
        "y": 0,
        "z": 0
      }
    },
    "659d1f2b-53e8-4ca6-970f-e1e5c658c38e": {
      "position": {
        "x": 1696.6434837826237,
        "y": 872.2581384193758,
        "z": 2683.1731635701144
      },
      "rotation": {
        "x": -0.016998223504434105,
        "y": -0.0009980224859097294,
        "z": -0.00001696706900759682,
        "w": 0.9998550215210151
      },
      "viewCenter": {
        "x": 1702,
        "y": 781,
        "z": 0
      }
    }
  },
  "camera-uuids": [
    "659d1f2b-53e8-4ca6-970f-e1e5c658c38e"
  ],
  "camera": {
    "fov": 45,
    "far": 10000,
    "near": 0.01,
    "color": [
      48,
      48,
      48,
      255
    ],
    "wheelSpeed": 0.01,
    "wanderSpeed": 10,
    "enableAcceleration": true,
    "far2D": 10000,
    "near2D": 1,
    "wheelSpeed2D": 6
  }
}
