{
  "__version__": "1.0.0",
  "gizmos-infos": {
    "is2D": false,
    "is3DIcon": false,
    "iconSize": 2,
    "gridVisible": true,
    "gridColor": [
      150,
      150,
      150,
      255
    ],
    "isIconGizmo3D": false,
    "iconGizmoSize": 2,
    "isGridVisible": true
  },
  "camera": {
    "fov": 45,
    "far": 10000,
    "near": 0.01,
    "color": [
      48,
      48,
      48,
      255
    ],
    "wheelSpeed": 0.01,
    "wanderSpeed": 10,
    "enableAcceleration": true,
    "far2D": 10000,
    "near2D": 1,
    "wheelSpeed2D": 6
  },
  "camera-infos": {
    "f46876e4-e81b-4931-b493-6d367be385e7": {
      "position": {
        "x": 50,
        "y": 50,
        "z": 50
      },
      "rotation": {
        "x": -0.27984814233312133,
        "y": 0.3647051996310009,
        "z": 0.11591689595929514,
        "w": 0.8804762392171493
      },
      "viewCenter": {
        "x": 0,
        "y": 0,
        "z": 0
      }
    },
    "750b24ee-081b-4f9b-a2bc-46e81f04005a": {
      "position": {
        "x": 50,
        "y": 50,
        "z": 50
      },
      "rotation": {
        "x": -0.27984814233312133,
        "y": 0.3647051996310009,
        "z": 0.11591689595929514,
        "w": 0.8804762392171493
      },
      "viewCenter": {
        "x": 0,
        "y": 0,
        "z": 0
      }
    },
    "3734ef02-2cbc-4646-8e8f-db9bba15aae9": {
      "position": {
        "x": 1.3391879026421976,
        "y": 1.2441090457693247,
        "z": 1.0896108164193639
      },
      "rotation": {
        "x": -0.2729184449455263,
        "y": 0.25987063269346616,
        "z": 0.07683340101895733,
        "w": 0.9230814726555145
      },
      "viewCenter": {
        "x": 0.41857572356506556,
        "y": 0.10069457990913744,
        "z": -0.4158458524632027
      }
    }
  },
  "camera-uuids": [
    "3734ef02-2cbc-4646-8e8f-db9bba15aae9"
  ],
  "float-window": {
    "position": {
      "cc": {
        "Camera": {
          "dock": false,
          "top": null,
          "bottom": 10,
          "left": null,
          "right": 10
        }
      }
    }
  }
}
