{
  "__version__": "1.0.0",
  "gizmos-infos": {
    "is2D": false,
    "is3DIcon": false,
    "iconSize": 2,
    "gridVisible": true,
    "gridColor": [
      150,
      150,
      150,
      255
    ],
    "isIconGizmo3D": false,
    "iconGizmoSize": 2,
    "isGridVisible": true
  },
  "camera": {
    "fov": 45,
    "far": 10000,
    "near": 0.01,
    "color": [
      48,
      48,
      48,
      255
    ],
    "wheelSpeed": 0.01,
    "wanderSpeed": 10,
    "enableAcceleration": true,
    "far2D": 10000,
    "near2D": 1,
    "wheelSpeed2D": 6
  },
  "camera-infos": {
    "f46876e4-e81b-4931-b493-6d367be385e7": {
      "position": {
        "x": 50,
        "y": 50,
        "z": 50
      },
      "rotation": {
        "x": -0.27984814233312133,
        "y": 0.3647051996310009,
        "z": 0.11591689595929514,
        "w": 0.8804762392171493
      },
      "viewCenter": {
        "x": 0,
        "y": 0,
        "z": 0
      }
    },
    "8f231588-36a8-4784-af86-43bf57f8acbe": {
      "position": {
        "x": 5.827822763183349,
        "y": 17.97035187650532,
        "z": 11.509869582341807
      },
      "rotation": {
        "x": -0.38485761726082646,
        "y": 0.23498484738656591,
        "z": 0.10198951055733188,
        "w": 0.8867157806535158
      },
      "viewCenter": {
        "x": -1.1409295924358815,
        "y": 2.920298055609824,
        "z": -0.7150507466860319
      }
    }
  },
  "camera-uuids": [
    "8f231588-36a8-4784-af86-43bf57f8acbe"
  ],
  "float-window": {
    "position": {
      "cc": {
        "Camera": {
          "dock": false,
          "top": null,
          "bottom": 10,
          "left": null,
          "right": 10
        }
      }
    }
  }
}
